<?xml version="1.0" ?>

<SEARCH>
	<GRAPH>
		<DESCRIPTION>
			<SHORT></SHORT>
			<DETAILED></DETAILED>
		</DESCRIPTION>

		<!-- Node Definitions -->

		<NODE>
			<NAME>Gdansk</NAME>
			<INDEX>0</INDEX>
			<XPOS>8090.1855</XPOS>
			<YPOS>5056.6772</YPOS>
			<TYPE>GOAL</TYPE>
			<HEURISTICVALUE>0.0</HEURISTICVALUE>
		</NODE>

		<!-- Node Definitions -->

		<NODE>
			<NAME>Szczecin</NAME>
			<INDEX>1</INDEX>
			<XPOS>7887.514</XPOS>
			<YPOS>5133.6177</YPOS>
			<TYPE>REGULAR</TYPE>
			<HEURISTICVALUE>1.0</HEURISTICVALUE>
		</NODE>

		<!-- Node Definitions -->

		<NODE>
			<NAME>Bydgoszcz</NAME>
			<INDEX>2</INDEX>
			<XPOS>8091.4375</XPOS>
			<YPOS>5163.016</YPOS>
			<TYPE>REGULAR</TYPE>
			<HEURISTICVALUE>1.2</HEURISTICVALUE>
		</NODE>

		<!-- Node Definitions -->

		<NODE>
			<NAME>Poznan</NAME>
			<INDEX>3</INDEX>
			<XPOS>7997.609</XPOS>
			<YPOS>5273.1133</YPOS>
			<TYPE>REGULAR</TYPE>
			<HEURISTICVALUE>2.0</HEURISTICVALUE>
		</NODE>

		<!-- Node Definitions -->

		<NODE>
			<NAME>Lodz</NAME>
			<INDEX>4</INDEX>
			<XPOS>8127.7217</XPOS>
			<YPOS>5349.429</YPOS>
			<TYPE>REGULAR</TYPE>
			<HEURISTICVALUE>2.2</HEURISTICVALUE>
		</NODE>

		<!-- Node Definitions -->

		<NODE>
			<NAME>Warszawa</NAME>
			<INDEX>5</INDEX>
			<XPOS>8220.93</XPOS>
			<YPOS>5286.8755</YPOS>
			<TYPE>REGULAR</TYPE>
			<HEURISTICVALUE>2.1</HEURISTICVALUE>
		</NODE>

		<!-- Node Definitions -->

		<NODE>
			<NAME>Bialystok</NAME>
			<INDEX>6</INDEX>
			<XPOS>8340.295</XPOS>
			<YPOS>5148.613</YPOS>
			<TYPE>REGULAR</TYPE>
			<HEURISTICVALUE>1.1</HEURISTICVALUE>
		</NODE>

		<!-- Node Definitions -->

		<NODE>
			<NAME>Lublin</NAME>
			<INDEX>7</INDEX>
			<XPOS>8355.256</XPOS>
			<YPOS>5377.724</YPOS>
			<TYPE>REGULAR</TYPE>
			<HEURISTICVALUE>2.6</HEURISTICVALUE>
		</NODE>

		<!-- Node Definitions -->

		<NODE>
			<NAME>Katowice</NAME>
			<INDEX>8</INDEX>
			<XPOS>8090.476</XPOS>
			<YPOS>5496.877</YPOS>
			<TYPE>REGULAR</TYPE>
			<HEURISTICVALUE>3.0</HEURISTICVALUE>
		</NODE>

		<!-- Node Definitions -->

		<NODE>
			<NAME>Krakow</NAME>
			<INDEX>9</INDEX>
			<XPOS>8204.899</XPOS>
			<YPOS>5541.323</YPOS>
			<TYPE>REGULAR</TYPE>
			<HEURISTICVALUE>3.1</HEURISTICVALUE>
		</NODE>

		<!-- Node Definitions -->

		<NODE>
			<NAME>Rzeszow</NAME>
			<INDEX>10</INDEX>
			<XPOS>8403.486</XPOS>
			<YPOS>5529.0293</YPOS>
			<TYPE>START</TYPE>
			<HEURISTICVALUE>3.1</HEURISTICVALUE>
		</NODE>

		<!-- Node Definitions -->

		<NODE>
			<NAME>Wroclaw</NAME>
			<INDEX>11</INDEX>
			<XPOS>7954.305</XPOS>
			<YPOS>5414.606</YPOS>
			<TYPE>REGULAR</TYPE>
			<HEURISTICVALUE>2.8</HEURISTICVALUE>
		</NODE>

		<!-- Edge Definitions -->

		<EDGE>
			<STARTINDEX>7</STARTINDEX>
			<ENDINDEX>10</ENDINDEX>
			<COST>179.0</COST>
		</EDGE>
		<EDGE>
			<STARTINDEX>8</STARTINDEX>
			<ENDINDEX>9</ENDINDEX>
			<COST>79.2</COST>
		</EDGE>
		<EDGE>
			<STARTINDEX>1</STARTINDEX>
			<ENDINDEX>0</ENDINDEX>
			<COST>337.0</COST>
		</EDGE>
		<EDGE>
			<STARTINDEX>0</STARTINDEX>
			<ENDINDEX>2</ENDINDEX>
			<COST>167.0</COST>
		</EDGE>
		<EDGE>
			<STARTINDEX>1</STARTINDEX>
			<ENDINDEX>2</ENDINDEX>
			<COST>257.0</COST>
		</EDGE>
		<EDGE>
			<STARTINDEX>8</STARTINDEX>
			<ENDINDEX>11</ENDINDEX>
			<COST>190.0</COST>
		</EDGE>
		<EDGE>
			<STARTINDEX>11</STARTINDEX>
			<ENDINDEX>3</ENDINDEX>
			<COST>173.0</COST>
		</EDGE>
		<EDGE>
			<STARTINDEX>9</STARTINDEX>
			<ENDINDEX>10</ENDINDEX>
			<COST>167.0</COST>
		</EDGE>
		<EDGE>
			<STARTINDEX>3</STARTINDEX>
			<ENDINDEX>4</ENDINDEX>
			<COST>205.0</COST>
		</EDGE>
		<EDGE>
			<STARTINDEX>4</STARTINDEX>
			<ENDINDEX>5</ENDINDEX>
			<COST>136.0</COST>
		</EDGE>
		<EDGE>
			<STARTINDEX>8</STARTINDEX>
			<ENDINDEX>4</ENDINDEX>
			<COST>199.0</COST>
		</EDGE>
		<EDGE>
			<STARTINDEX>4</STARTINDEX>
			<ENDINDEX>2</ENDINDEX>
			<COST>223.0</COST>
		</EDGE>
		<EDGE>
			<STARTINDEX>5</STARTINDEX>
			<ENDINDEX>6</ENDINDEX>
			<COST>208.0</COST>
		</EDGE>
		<EDGE>
			<STARTINDEX>7</STARTINDEX>
			<ENDINDEX>5</ENDINDEX>
			<COST>181.0</COST>
		</EDGE>
		<EDGE>
			<STARTINDEX>5</STARTINDEX>
			<ENDINDEX>2</ENDINDEX>
			<COST>268.0</COST>
		</EDGE>
		<EDGE>
			<STARTINDEX>3</STARTINDEX>
			<ENDINDEX>2</ENDINDEX>
			<COST>141.0</COST>
		</EDGE>
		<EDGE>
			<STARTINDEX>7</STARTINDEX>
			<ENDINDEX>6</ENDINDEX>
			<COST>251.0</COST>
		</EDGE>
		<EDGE>
			<STARTINDEX>11</STARTINDEX>
			<ENDINDEX>1</ENDINDEX>
			<COST>393.0</COST>
		</EDGE>
		<EDGE>
			<STARTINDEX>6</STARTINDEX>
			<ENDINDEX>0</ENDINDEX>
			<COST>437.0</COST>
		</EDGE>
		<EDGE>
			<STARTINDEX>9</STARTINDEX>
			<ENDINDEX>5</ENDINDEX>
			<COST>296.0</COST>
		</EDGE>
		<EDGE>
			<STARTINDEX>0</STARTINDEX>
			<ENDINDEX>1</ENDINDEX>
			<COST>337.0</COST>
		</EDGE>
		<EDGE>
			<STARTINDEX>10</STARTINDEX>
			<ENDINDEX>7</ENDINDEX>
			<COST>179.0</COST>
		</EDGE>
		<EDGE>
			<STARTINDEX>10</STARTINDEX>
			<ENDINDEX>9</ENDINDEX>
			<COST>167.0</COST>
		</EDGE>
		<EDGE>
			<STARTINDEX>5</STARTINDEX>
			<ENDINDEX>9</ENDINDEX>
			<COST>296.0</COST>
		</EDGE>
		<EDGE>
			<STARTINDEX>9</STARTINDEX>
			<ENDINDEX>8</ENDINDEX>
			<COST>79.2</COST>
		</EDGE>
		<EDGE>
			<STARTINDEX>11</STARTINDEX>
			<ENDINDEX>8</ENDINDEX>
			<COST>190.0</COST>
		</EDGE>
		<EDGE>
			<STARTINDEX>4</STARTINDEX>
			<ENDINDEX>8</ENDINDEX>
			<COST>199.0</COST>
		</EDGE>
		<EDGE>
			<STARTINDEX>5</STARTINDEX>
			<ENDINDEX>4</ENDINDEX>
			<COST>136.0</COST>
		</EDGE>
		<EDGE>
			<STARTINDEX>5</STARTINDEX>
			<ENDINDEX>7</ENDINDEX>
			<COST>181.0</COST>
		</EDGE>
		<EDGE>
			<STARTINDEX>6</STARTINDEX>
			<ENDINDEX>7</ENDINDEX>
			<COST>251.0</COST>
		</EDGE>
		<EDGE>
			<STARTINDEX>6</STARTINDEX>
			<ENDINDEX>5</ENDINDEX>
			<COST>208.0</COST>
		</EDGE>
		<EDGE>
			<STARTINDEX>2</STARTINDEX>
			<ENDINDEX>5</ENDINDEX>
			<COST>268.0</COST>
		</EDGE>
		<EDGE>
			<STARTINDEX>2</STARTINDEX>
			<ENDINDEX>4</ENDINDEX>
			<COST>223.0</COST>
		</EDGE>
		<EDGE>
			<STARTINDEX>4</STARTINDEX>
			<ENDINDEX>3</ENDINDEX>
			<COST>205.0</COST>
		</EDGE>
		<EDGE>
			<STARTINDEX>3</STARTINDEX>
			<ENDINDEX>11</ENDINDEX>
			<COST>173.0</COST>
		</EDGE>
		<EDGE>
			<STARTINDEX>1</STARTINDEX>
			<ENDINDEX>11</ENDINDEX>
			<COST>393.0</COST>
		</EDGE>
		<EDGE>
			<STARTINDEX>2</STARTINDEX>
			<ENDINDEX>1</ENDINDEX>
			<COST>257.0</COST>
		</EDGE>
		<EDGE>
			<STARTINDEX>2</STARTINDEX>
			<ENDINDEX>0</ENDINDEX>
			<COST>167.0</COST>
		</EDGE>
		<EDGE>
			<STARTINDEX>2</STARTINDEX>
			<ENDINDEX>3</ENDINDEX>
			<COST>141.0</COST>
		</EDGE>
		<EDGE>
			<STARTINDEX>0</STARTINDEX>
			<ENDINDEX>6</ENDINDEX>
			<COST>437.0</COST>
		</EDGE>

		<!-- Heuristic Settings -->

		<HEURISTIC value="AUTOMATIC"></HEURISTIC>
		<EDGECOSTS value="MANUAL"></EDGECOSTS>

	</GRAPH>
</SEARCH>
